[{"user":"1768115107036","items":[{"name":"Wow! Chicken Momo","price":190,"quantity":1,"product":102},{"name":"Smoked Butter Chicken","price":320,"quantity":1,"product":103},{"name":"Guntur Karam Dosa","price":110,"quantity":1,"product":104},{"name":"Premium Malai Kulfi","price":150,"quantity":1,"product":105},{"name":"Indoor Cricket","price":500,"quantity":1,"product":"play-2"}],"totalAmount":1270,"paymentMethod":"stripe","paymentStatus":"pending","orderStatus":"placed","_id":"1768115314048","createdAt":"2026-01-11T07:08:34.048Z"}]
