[{"id":"TXN-99582744-996","amount":180,"date":"1/27/2026, 1:09:42 PM","items":[{"id":"5","name":"Haunted Manor","price":180,"description":"Immersive horror walkthrough experience.","image":"https://images.unsplash.com/photo-1628178822086-7b243b8de464?auto=format&fit=crop&q=80","quantity":1}],"status":"valid","mobile":"","createdAt":"2026-01-27T07:39:42.765Z","_id":"1769499582765"},{"id":"TXN-00041707-936","amount":180,"date":"1/27/2026, 1:17:21 PM","items":[{"id":"5","name":"Haunted Manor","price":180,"description":"Immersive horror walkthrough experience.","image":"https://images.unsplash.com/photo-1628178822086-7b243b8de464?auto=format&fit=crop&q=80","quantity":1}],"status":"valid","mobile":"","createdAt":"2026-01-27T07:47:21.714Z","_id":"1769500041714"},{"id":"TXN-00215025-654","amount":180,"date":"1/27/2026, 1:20:15 PM","items":[{"id":"5","name":"Haunted Manor","price":180,"description":"Immersive horror walkthrough experience.","image":"https://images.unsplash.com/photo-1628178822086-7b243b8de464?auto=format&fit=crop&q=80","quantity":1}],"status":"valid","mobile":"","createdAt":"2026-01-27T07:50:15.032Z","_id":"1769500215031"},{"id":"TXN-01012119-890","amount":180,"date":"1/27/2026, 1:33:32 PM","items":[{"id":"15","name":"Rock Climbing","price":180,"description":"Indoor climbing walls for all skill levels.","image":"https://images.unsplash.com/photo-1522163182402-834f871fd851?auto=format&fit=crop&q=80","quantity":1}],"status":"valid","mobile":"","createdAt":"2026-01-27T08:03:32.146Z","_id":"1769501012146"},{"id":"TXN-01869687-437","amount":200,"date":"1/27/2026, 1:47:49 PM","items":[{"id":"4","name":"Turbo Go-Karts","price":200,"description":"High-speed electric go-kart racing.","image":"https://images.unsplash.com/photo-1596720426673-e4c278046b0a?auto=format&fit=crop&q=80","quantity":1}],"status":"valid","mobile":"","createdAt":"2026-01-27T08:17:49.742Z","_id":"1769501869741"},{"id":"TXN-01986030-30","amount":500,"date":"1/27/2026, 1:49:46 PM","items":[{"id":"21","name":"Combo Ticket (5 Rides)","price":500,"description":"Special Pass: Any 5 rides of your choice!","image":"https://images.unsplash.com/photo-1513151233558-d860c5398176?auto=format&fit=crop&q=80","quantity":1}],"status":"valid","mobile":"","createdAt":"2026-01-27T08:19:46.066Z","_id":"1769501986065"},{"id":"TXN-02342011-256","amount":500,"date":"1/27/2026, 1:55:42 PM","items":[{"id":"21","name":"Combo Ticket (5 Rides)","price":500,"description":"Special Pass: Any 5 rides of your choice!","image":"https://images.unsplash.com/photo-1513151233558-d860c5398176?auto=format&fit=crop&q=80","quantity":1}],"status":"valid","mobile":"","createdAt":"2026-01-27T08:25:42.053Z","_id":"1769502342052"},{"id":"TXN-02342011-256","amount":500,"date":"1/27/2026, 1:55:42 PM","items":[{"id":"21","name":"Combo Ticket (5 Rides)","price":500,"description":"Special Pass: Any 5 rides of your choice!","image":"https://images.unsplash.com/photo-1513151233558-d860c5398176?auto=format&fit=crop&q=80","quantity":1}],"status":"valid","mobile":"","createdAt":"2026-01-27T08:25:42.088Z","_id":"1769502342088"}]
